12.375662641553099,44.713094939586874,74.20047976893936,34.61755135248626,99.61359028424411,31.843301389592114,68.79927496581156,97.12668512672798,120.8505997172405,-4.305970435049019,0
48.43528144544151,63.130038652886086,82.6689575966856,18.97788838654328,17.66614311357369,27.778276160335245,39.642944445093285,65.14243522634351,82.80369392161167,-3.773038349454365,0
67.74128928140011,65.51472960674839,95.54545632841723,43.691981229164305,61.447707636296514,73.68725515982851,55.549068641973555,71.11846305921428,90.27749176898641,-6.131949673694779,0
77.14527968414836,45.63068334612642,68.22780679283541,31.541859534418986,41.98034012281733,49.17457754988289,74.34427878214761,70.74371186562688,79.97328153943594,-6.214800608684739,0
96.00011796635955,64.00303767595,92.70407582554105,85.89054258142846,94.00971640029663,110.79452408278772,81.39599396243898,83.03086324787532,107.66054081734235,-7.352798704117063,0
96.51521130069358,85.5793539780914,120.24036499524883,85.80811905568464,144.67995986015646,96.10770994543998,96.99004029551062,87.87055789550317,110.60982649315248,-9.831791697576657,0
70.59294806637547,51.27068048365374,68.01746239423746,42.80885176749756,20.485039106385887,15.383900282441877,72.7897033386744,80.47015862447029,92.73947838451721,-10.841216428212851,0
69.37611193441396,59.9123093165022,62.583668590229564,24.39543028937582,48.76345319535077,28.75803646923181,65.04747533559826,75.46718462278263,84.05476789170321,-10.798378596230158,0
57.88949255435307,83.02490184703724,92.55407365810244,19.64575835953228,60.0840659225281,64.86108874001725,60.98432871643881,75.9584001590531,82.5898496944984,-11.198112763554217,0
81.46767443970232,112.36735125866728,106.50268073962381,69.21668185443991,97.9525737076714,64.46136361985246,74.19199836022851,99.32493473368984,102.96178974132484,-11.457170758928571,0
59.44361290272739,39.0082986252125,48.31855904040726,60.34631089132856,54.204898934777376,69.49181668526776,67.12341099575924,67.61688423290555,85.6426966860999,-13.11674572172619,0
78.0122509211587,86.06490996558169,86.59049925613425,46.8618946649427,41.78941609148896,69.66224559950977,90.90280753382267,107.97487242812313,97.1194000660658,-12.578570653521826,0
64.18710975122018,92.89516337817606,87.56449653896212,49.98741834700131,33.06896567255735,52.06501095424743,47.96909418167064,61.844137704751326,67.1570136035723,-9.631928943452381,0
105.63484413023376,130.4491276573645,128.7909035761366,99.20446366623237,69.98778158478189,57.11540298719508,87.02853222984072,100.1727951139124,101.03882587660401,-12.805616999246988,0
118.56085054643131,125.17755259129386,130.99871905891052,85.08827647252942,105.87979295482818,132.28617809696567,83.62374959951777,94.93696792145072,96.73251877869392,-13.83027576264881,0
81.47121491667623,83.19840059927843,85.2146151089096,45.26630172625848,13.005699514576978,43.1300167159619,75.89298749928327,88.71065682346162,95.19180467130528,-14.385148590686274,0
39.894271953553336,69.26096495602214,103.35121645922862,17.094326973613093,18.71571837470974,37.48126453305502,59.308297773744634,79.97281662422054,83.65200381480885,-15.48773217871486,0
78.06777223915019,88.68121487585292,94.14214883748961,70.96945107224556,80.14186635933203,109.06459918483667,66.79001106358554,70.34963925670095,74.4927998594386,-16.392783513144842,0
53.03827447078481,57.76579291744199,72.94218084023025,44.402314085611216,41.488556551466836,45.285373912991325,54.99064401668038,65.51658826678184,81.45939394171084,-17.089365042892158,0
72.0008099961521,108.40283180857577,126.09318416040414,39.0198383248646,20.305278964031242,34.76735007520525,66.04922568509085,87.20802536943992,98.83008958996999,-18.421878949696662,0
72.694738660765,62.54989537224792,79.18542380293127,53.42248085074027,65.41703602666776,92.13545158817462,65.40581141832253,80.14461991878628,89.09643739107399,-18.88462051330321,0
124.35484049395708,139.52320581848014,148.325083584935,122.18561291921709,160.2726616389482,139.53326077077494,85.77109068828092,90.31498687081506,97.0779556779904,-19.516542733433734,0
6.934865693359413,60.6466320522346,82.24455954954377,38.95109758654528,47.01599504163509,52.49057757492534,65.36658131981682,96.82010765106443,100.74215984775144,-19.250294518849206,0
116.82585145507325,124.3549141113927,122.53122353949192,78.69328133286913,11.833381769464903,35.25167113976469,108.44015341300414,118.85213522386147,120.69792030835423,-19.720783444082247,0
120.1185423719174,93.02233158099024,73.55484118073062,43.00405040641256,24.837158300842596,22.48925526357782,78.40366744658795,83.22597634640003,85.14301108811111,-20.497081043956044,0
24.546527956404553,68.69083954517444,71.3178791448755,20.964713782763337,18.934801442046968,52.91013739328604,58.82234906655187,87.96881099269103,92.29978905844216,-21.35464537377451,0
110.6054150798724,88.47113210433618,88.33892257666264,71.42420217322062,47.42089740076302,61.04505426212168,79.37181143117755,80.44449225063026,89.55505952568026,-21.5835875249004,0
78.47264334044367,92.45135037529184,119.86441768108507,56.306776337541685,35.120420160728585,6.66293661881875,44.67528180739173,64.95837900754202,89.09962803402327,-21.49939158606151,0
58.71598801420333,95.95769628206351,100.60165037698313,43.343158693157264,32.486755525520564,49.456667073846525,49.97233221056031,73.28662244574328,81.1208592250077,-21.59565998368474,0
99.53389426558057,87.00446889291692,86.25162973326371,18.69449775727964,50.5395998926402,71.5811374547711,83.7619849372106,87.78369318103528,88.67608859431668,-22.415460324754903,0
67.05548185684094,113.25927391185337,111.75602065196372,6.053577509274911,26.463787683026528,9.358791462254905,53.33835389789721,79.67136142401088,85.33291289056152,-22.526629957329316,0
75.25952006436624,78.73304371771272,87.88940051306028,54.05485019327959,65.38819486640328,112.71442878572905,80.38160319042579,92.51319280122797,101.37781363973988,-22.304550232178716,0
98.17297076140858,83.57313056504387,69.7553918366321,70.94499934967645,67.99789692416218,84.92616397321112,67.66909493189671,72.85480801601426,76.0419315928365,-22.66144656752008,0
81.78120926001993,74.3580201072101,88.83219959677126,78.43993416753966,91.89745957517465,113.4863656077053,82.10520259479992,94.70359771119989,97.47264338515365,-23.310642616421568,0
125.67444753238864,127.60683073277406,130.0386208085432,29.790165192373287,20.664757927264127,31.558571933832674,94.57627396726924,79.06529065224532,85.00856611808426,-23.394358684738958,0
65.18796306921973,59.530990141845834,95.47133808667373,51.219757319114684,70.86488767727332,69.07097198907974,62.60488622326065,73.04839851277262,85.74779912122955,-23.902249623493976,0
61.39887167399724,77.1645956645523,86.4457629366378,31.4071735047191,40.63150867733694,35.45941169317057,58.21465655767433,89.9118802688828,80.15038897018133,-24.297204723187686,0
50.96902979551696,29.290649758438004,39.22948683504185,33.450968849669714,33.69617879618373,44.00424137777637,62.60556926143475,75.21511613612672,77.99041634494976,-24.117606026785715,0
79.43776639705739,77.04034667254687,80.99989234931601,13.604394059288667,60.62230367606441,55.059935103250986,79.52218512965302,88.77333322169758,87.90600077014328,-24.7734375,0
91.410640200146,95.05415871798697,103.59179180440542,41.64202984237893,59.59801800394716,71.58517241120919,74.51691765129911,81.0713392988593,88.46615424253238,-25.403861539909638,0
91.06570158846412,60.32284559093402,47.54322494301189,50.6600118927315,30.855628985984445,8.376987609045683,86.64963348297914,92.07673374480265,97.64852641617348,-33.30291263640873,0
57.05116198795383,51.43849671088328,87.96461767167028,24.764546679549607,30.620438977447474,20.297295537213813,73.16747298733794,68.1530410979741,78.62586795761815,-34.056659773284316,0
75.95726536223728,105.98017719012056,90.12069014350597,34.011193789282956,23.38863913636811,26.729114326692315,66.78706859545387,110.43986959724249,88.65440429039131,-34.43461345381526,0
19.87223576746292,11.799243615657593,46.59439427320467,46.49164053412067,68.9329439257187,64.42333234377016,80.81718587587055,63.063600342855075,78.23478526409332,-33.89195033482143,0
58.42364861822725,89.44725491931436,113.16646570407616,54.26733731807929,17.176514919782015,14.634751010009756,55.663473851220495,82.83561272864804,94.49405041321728,-33.74469091021825,0
69.80768376612757,85.88391282259123,99.32960858140926,67.45170698694733,57.70770933480903,15.762073744769125,86.03573407615163,80.32863212601625,85.25178377254281,-34.11962115575397,0
99.02587333066916,86.29981130023012,84.8500851267879,78.27337316926663,100.54512399743197,84.64075008611194,103.36970510595381,114.33727275568145,95.17846703951838,-34.724644252232146,0
105.59884910983915,115.78339715130245,116.81647802492992,52.85370356587372,68.65099375779678,67.15243687402021,92.94846604723256,104.06308495147424,106.73859038036089,-34.271240234375,0
86.1645031920265,86.4161021685333,103.47982861160047,31.204300095983815,81.92688764362443,90.84546226310384,91.31599106102674,61.576594143409636,71.71844034152278,-34.50859917534722,2
90.98923423803475,79.11644070233122,87.11701846714541,46.70220709826005,66.25231525802226,97.96513239501283,72.9113176561546,78.6780615478074,81.06107494400122,-34.52022491939484,2
33.75934496629917,63.34622650052607,69.77365176310187,47.09962197201416,15.028230577402475,47.272838663635824,69.3972964312064,55.90653471019378,76.74717586708738,-34.70042395213294,2
75.69237642070172,88.58558624616761,83.34419711413705,29.99768010844685,74.08134191848191,56.174212271166496,62.87601809184901,86.53596438697288,89.56963079130973,-34.53119117093374,2
43.03388502253568,42.908552847701586,50.80825455220526,69.6718040334996,52.794426917837875,79.30694216450382,103.94902766678945,79.61203713216334,83.63300323905679,-34.133668929811506,2
67.48352638302731,64.50903934190278,64.13292906101107,51.440906648358556,81.4778482120717,77.52268058139188,67.68823663820532,85.4373745835732,99.73353926274757,-34.12930927579365,0
97.9219385110167,101.37469102945559,85.04485208207481,32.62966921706082,58.780323493271304,80.62512059342342,75.5962763104954,91.40085444310515,90.665372892201,-34.71713428553801,0
123.0918692007329,127.08328960261291,127.58357526639179,62.642248497948486,46.565122804354026,29.177367792835003,107.09072003281871,91.86170753647784,95.46312492915227,-35.221644810267854,0
55.56283881983839,48.68352598830099,63.58102990031037,34.1517900952378,57.55353536666391,43.0890665119793,61.830853932473524,74.5440225925316,65.48193709804595,-34.477754769076306,0
96.23969570088025,95.41996225586252,83.86249509827543,64.694772367772,54.54037288123694,78.98154631413425,100.79600958237477,114.51675884093831,100.07777457434672,-33.78602299824297,0
119.93043452352681,115.47053323175953,102.58277687428149,67.36152370046968,54.03384261643657,61.2325349963602,69.05372440733862,80.29785011872688,87.77190177242804,-34.96684725322421,0
110.73289556418969,65.81898321081864,67.50080478078345,87.88321617286626,94.3173105944238,57.939123923650996,84.84653215923798,85.77092315424834,90.2176369025445,-33.910735835873986,0
98.86221940365395,115.71686746073568,128.7431686757177,75.14817724432278,47.57390634213227,32.059812219781364,101.55723879270218,117.4468357298609,127.61806037403609,-34.66118706597222,0
90.32775533095277,88.7921307472158,91.9899885817445,48.75586640906373,64.75731615958269,88.48670739075604,89.58146074527414,92.5580649666887,97.54527047512632,-34.056403764910534,0
132.95607756465057,141.49446971259675,132.08369205627386,17.94648139039761,48.43832091786564,46.02582963055506,86.00878802893268,86.41346914077855,93.65675085418054,-35.14007200677711,0
64.56682134077631,54.481808619897926,80.8219315288499,34.36023197471951,29.124410174682147,41.88635355495332,61.20719051054191,70.28058534977038,82.50230257866214,-34.21765952143569,0
55.17470007848761,54.550838403011056,80.95517580161996,52.077415955235345,32.179719458475304,43.98703836725848,59.563866242840355,65.59983550345922,75.5920362284761,-34.36009663654618,0
104.94097144895483,123.95019257690554,130.891129762772,56.10080368663616,43.09500279500923,38.74179420077515,113.50594136052239,95.81619045145162,103.43303790695538,-35.65857902405754,0
96.1090032784493,56.974897091845214,73.65199369034245,67.97447990676416,77.47345696173467,35.55398884146365,77.53989818346113,62.42350438434694,75.64875022871696,-34.47905040922619,0
118.80984591770778,92.21280503586877,95.44490139174361,39.233053258517295,29.468101969505813,45.40473811369444,66.12645860701085,58.25326628572454,66.83129221302725,-34.553079044117645,0
129.51993662999246,110.95821706856312,126.86419207797645,115.10989940925991,99.05623009674215,135.31850363240724,127.47372877542178,95.73813554002238,112.61852332168216,-35.183861142113095,11
75.3476749383547,69.21894940318617,80.56720243110686,73.49327165020127,73.70199821765218,39.87391895236408,76.48358820605003,101.04567905161835,92.06949426772557,-34.63972503063726,11
114.47890935611697,115.53693715160045,96.12234937630302,102.73086361571666,96.09072399804812,100.1367662032331,92.25819865010179,99.59177866681748,96.08027136144793,-34.89446065512048,11
69.97506322986904,75.56888096331383,59.43866233067449,49.07979748569158,73.56125787869212,44.80767423487207,63.32016363628297,92.73243809873574,100.41691877200566,-34.11332387772818,11
116.46110211525561,99.311260117342,81.86505625642039,107.66401571738011,114.99684364848846,114.27001779374126,137.61780319051098,145.28430234464096,120.06893228666235,-34.10702659970238,11
82.51091178354177,79.93935586209105,85.39924416667053,51.671022386525216,37.18974222593023,49.766736172317934,68.1034316311066,77.30337679847553,79.86733393591673,-34.712580791917674,0
90.1712830710472,98.18041847699054,108.54787681969387,20.03463010790604,18.816304379968734,18.306899659338434,84.79087910454358,93.4661213543792,103.02343992128819,-35.16206287202381,0
104.97935054830185,88.45411142409853,85.321794903508,78.34713624837872,82.7165583089355,48.59841357708108,97.36075565508213,86.39595855790002,87.30211859056669,-34.98719230530754,0
30.980350745170494,62.20167599661388,71.38983680175737,15.793993403044825,24.075573561411076,31.89598137155909,61.55303120398992,89.5517874445406,90.44656832876237,-34.4297110316265,0
0.0,14.78933341214375,38.31126043691704,27.455093152168704,18.751968898966073,54.55632750252341,44.85548263989002,68.86135756070057,70.33662548287039,-34.103151351686506,0
70.08045331163868,72.20915393057953,57.05825535752926,40.64082174456856,67.00964381046929,84.42550778772708,60.022487490825874,78.89405365915569,80.43589873505135,-34.47323753720238,0
65.06611240400633,62.61450682176514,94.32865454369976,15.942492658119699,29.07722080219459,30.7626400748801,58.35291391511264,67.28373201805935,72.66114624085539,-34.47196154090447,0
56.69618364803031,64.93130171712991,54.921577417628825,50.39408582574319,41.65298725057753,51.16690065694411,117.38374269927372,119.51242036392024,177.09838397904716,-26.91650390625,0
87.99956982642672,59.998556573882254,65.80000714563278,77.5465660382026,94.15061637994624,108.67557190657759,102.28351935832112,107.89039534998983,120.26408993019041,-25.72728717137897,0
104.07607504373237,121.9827683320252,133.54545234045432,53.99933308448678,41.79763742251439,40.284960883938375,47.1821006079392,72.21168272558937,80.1163222801819,-25.663829985119047,0
87.58616866642431,102.78693946482258,93.8979592917898,72.09895613161628,67.93099317691293,102.17230175015055,108.68542677796272,93.89912915408614,93.940366450625,-26.051471511044177,0
85.12699463374285,50.64714552802767,60.64302627777195,45.67879055364675,26.04672100006858,39.45832239971126,88.28660816870992,74.42775628356465,79.73258375401005,-26.71692863343254,0
105.47015738637856,75.97038762278537,79.1711353540145,80.11910107706376,57.355278770678936,42.002527468537345,125.75757839427217,84.45533526435979,90.43339222056524,-27.450132561495984,0
109.07778200861848,120.66435075872892,125.06991513074676,17.471209817355312,40.03216643401536,44.27222572511104,76.56448967191605,91.61831382877463,104.03749861527399,-26.87066625878514,0
94.58164479574586,107.03186305060753,110.90252684877294,54.04367584619704,82.13143529447919,58.897644369341016,102.76578200222656,103.43333303663069,108.40643100596486,-27.636815153010858,2
108.31711320720765,116.02615818386829,95.25752049948802,52.809365590988094,40.653787764357524,33.41705044910194,128.95633803999252,94.87177898717924,100.14834022283532,-27.06921435742972,24
120.17712064032428,105.11380625420372,115.58452771845671,77.4599493969233,69.49226868903833,98.33046930081943,91.77196746671427,93.57401172790483,101.64372455724258,-28.7845718812751,27
169.5246726978232,149.5224705871776,157.5358643660254,164.04045411662892,216.02132543542677,225.72668882816342,183.01892031119215,160.0184183753307,166.267467684394,-28.9703853546627,27
113.76755254615401,120.04783247589695,112.21481861587701,83.07905421148973,24.849480841437956,47.589084783379,125.93809541081782,108.63743494923948,111.4597488911645,-28.793426697144287,27
140.70419030395522,121.24411628067755,127.81828559576475,96.36430435383433,52.54022986917643,56.87158683973679,127.71880610443465,121.32091972249705,118.39421049361806,-28.052715226715687,24
108.70158989680334,85.12174398660375,67.29169152099857,67.4906712638108,36.50907380018614,21.786722866725018,96.53128426049467,94.1748112399665,91.65768547043363,-29.83254825367647,2
149.8098034633604,105.52889605614872,83.35644403803792,104.17871276944452,86.06312155444337,101.54804698656494,105.93497432646117,101.63625502811186,85.68840759320251,-28.761616253644316,0
126.27001875286315,103.16761386187567,103.25996723346843,109.14291843434788,84.59673865780155,59.229099471194296,100.73643869537023,95.25520288451175,107.95824639263637,-28.111469314759034,0
139.04694033096843,134.2360098967068,118.57374643422004,25.263162446769368,82.48776272885823,69.60882543491853,119.34086270986217,126.32065452790755,130.73342383686997,-30.531304907128515,0
141.40589857186328,108.43827745080947,106.8359036768682,47.948551444049,58.41722348549683,52.72246419445575,148.12421488752307,116.75417368756203,235.04766960129618,-31.13675404743976,0
125.59893697881672,106.98317589721712,105.8512139084686,113.58005359430359,105.4104126163171,125.1503442791887,143.82117258001955,134.83241251224547,109.49417203993983,-29.606894841269842,0
122.3871081420522,120.47814835603508,95.9479381692256,62.09200252138571,64.15934468339842,79.03338447541294,74.09443594860613,85.07020856344533,88.4956399324521,-30.97203266189759,0
119.10248412343576,104.54749982697493,92.52761171185304,29.527510010175803,41.57321314306888,49.623063180026605,111.85154008458485,82.7164759963059,86.68604058410284,-30.86548457671301,0
61.064552042373606,88.87992156738765,76.49322291499033,67.70486923055762,65.45776397289002,90.47362472993427,91.69931890245168,89.93402023876304,90.62715290453555,-29.408288380456348,0
95.54750448413273,89.99687632868334,101.69244226066512,32.61435754439311,61.44100708008443,28.776595435299335,100.03570598700982,108.84908651357142,86.85852856913147,-31.400014118975903,0
111.42377203747488,116.41788151285469,94.97359463498601,58.51011161851328,72.74803707838593,71.38871294151029,82.67105975191467,110.98219688155854,113.02674302777226,-31.050961659136547,0
77.78596564506094,69.8371537637434,77.58782291008096,10.999985407520715,38.16579393542038,51.994412419437744,104.79884623217991,100.83610885400321,111.04751752626773,-30.935754737700805,0
96.14539202528496,81.80989685796017,80.03251308599614,60.971448679019005,69.77945314674909,82.41662022806466,123.89942854703084,94.83101482223356,102.57087919832048,-31.38030521453373,0
79.16557355376177,63.06559656423238,50.16927934398458,41.43785477648361,62.84864756337433,85.16788812401067,88.43430049356863,79.8335342490319,84.8343544247504,-31.55254289215686,0
120.44811521499078,118.04293438938318,102.44026078264268,39.9422788701481,29.740467483508453,44.531902568364906,85.52860679298854,113.67482699005866,112.06957492478965,-31.548228690294714,9
107.59385013216394,72.39886224294902,69.3811907795861,126.08096889173764,120.11880050086656,102.41652059042568,119.66041644893009,107.97167022629354,103.51618658157302,-30.534532335069443,40
164.17012788721735,117.29689594832307,105.6751387645058,135.97995653025404,85.94334702116986,97.6380015570033,173.2450643351769,148.4511235807105,152.4320182207693,-31.971008797002032,49
185.66762135216618,174.06345336121345,139.80605944701162,120.05661497154313,177.88867230232026,165.42573916092022,219.0526594676507,187.41847662969465,168.17908135122008,-31.762501550099206,49
101.22153508096117,102.27859718918474,100.61633895127417,76.50573700526552,69.10008848670313,91.56841619144338,100.51955925524757,98.28145360653124,84.93541414856094,-32.155354817708336,49
115.10034795904699,68.50396209464944,62.81163596324518,51.51872634412778,43.89400137581738,52.48320942727269,85.37006300087076,80.26711065091921,80.35560266075359,-32.54865163780121,40
111.72125320844681,94.10478459934046,84.97706621484339,149.671733401342,160.53487092229892,126.91185682741194,120.77300460812938,117.76564101259412,97.56762708105134,-32.36153455284553,8
171.72399063948313,131.3385914607833,118.96431464055514,130.94511809046367,89.90919622531078,94.44058821542636,149.6605414278885,147.15958021744797,124.28634649741919,-31.49995349702381,0
108.51709148499307,110.65153630872786,110.5614064215042,170.76116043215234,157.8167928288914,153.57383421671386,96.26841712491627,91.88018577289752,93.43007778908495,-31.789756682981928,0
156.76901522720365,119.4681790655973,106.02402239152164,75.79349849087309,43.52630026818243,39.083885021816336,146.67867876172542,113.26640149476268,112.00003678568808,-32.27156096813726,0
87.04673995513627,51.368267111874495,55.30357227125452,59.03029045347965,59.64929394713068,21.786360485704204,150.3949305605653,116.88181589787352,226.6109372665577,-32.113695901537696,0
118.96286745168754,114.05522836900887,112.85316364646856,39.96458056704767,43.39639719669809,58.51718289177527,78.90580006881287,77.04785329371694,89.05055664355092,-33.30362465486948,0
81.3564740614277,49.87623019179288,72.27877511236974,46.16704199681535,39.53727508484228,92.57874568706353,87.00290086707487,93.55872412678674,230.3218558089509,-33.74582313629518,0
27.849869399599545,43.86696257000582,61.45596999092894,12.080455393442701,58.509351749418684,107.66336706190768,124.42979550391523,103.24207080103092,112.1772101516931,-34.8101389934739,0
96.89945938433142,100.61289046144242,95.82189006091835,79.42986782427603,91.02867310713819,107.82382818707529,92.90491206910902,121.50382804297973,86.80090873193002,-35.09279281374008,0
103.45619649592147,114.42757338689844,114.24798073583985,19.549341465520566,10.245453628955138,38.26686943167159,71.26067858642617,83.20367160633819,102.14912206461116,-34.03533451140873,0
57.7025297171094,68.08354823969101,73.03224750961618,48.53428315776706,50.87058308462611,70.01698143271302,67.46768806592257,74.43908072946344,81.76747866625365,-35.82279265873016,0
73.17047519773996,68.48279377280221,87.7094432096027,56.854822566600035,37.01139609991803,63.45135078942244,77.54744915092388,84.50072648485514,238.95802309544962,-35.4538875747012,0
106.28660740208923,85.55520176515262,99.7922618604645,78.56752534680636,77.599915546009,74.31536574568652,94.68784292089144,111.33979932151087,116.36771215313986,-34.60792603531504,0
90.35956309683891,99.69623368305184,84.26140636526257,36.62329247860649,47.61818979341146,67.90630841335394,71.44084020442907,81.95965228470581,90.56075159369958,-35.10151212177579,0
111.67899530874764,94.91622310372944,82.16393749862138,111.55478822363996,87.35388494961919,74.59991646263654,100.5539623885759,98.58833393203551,101.69954200135376,-35.25506882440476,18
161.5506530212762,155.82929496022,145.06110045410875,51.5275564784941,111.16119214381729,124.35673638912155,90.38870865241024,102.79501744747805,104.90306501674029,-34.74297580948795,60
145.6126428800188,123.09582449400084,119.28467417875126,135.70740510236365,131.48761799137537,106.52993853780606,154.44160063306754,106.97918134629073,104.61382146452048,-34.53658383534137,78
211.70571079659032,185.42930273720287,162.27905887631798,317.4536344816648,258.0832202263949,267.6093719655791,273.8101216445894,213.49588661309753,195.44455081228182,-34.087775735294116,78
182.4865057002638,156.5582094298118,158.45882222251345,218.52499207826867,221.48978853274326,243.50558363135818,125.23760255876803,122.28821473410389,128.22142614195596,-34.3051087622549,78
91.14565239428087,113.30290595033975,114.28548935796547,66.67628921537369,32.62763242771249,22.07054528757207,100.53026331381567,114.52087136989383,113.16942317539055,-35.1284849877451,60
107.39537304055712,91.89372247262136,83.41553456593621,109.75476617734154,130.54689206820638,111.91970594199684,89.88536895723965,70.6609135359584,79.57010011103525,-35.50013100228659,18
82.27270475776803,73.06118096245416,91.35035168171878,64.75481350312288,101.02584449571651,132.24590635627627,70.71706710950386,85.61526686722121,94.72920754146239,-34.61257137926707,0
116.8857360203216,81.92308547291401,77.51955570608014,60.383451652651544,85.72160377141651,110.45904246397114,69.79798601835813,66.42571645866792,75.14344663375924,-34.38916015625,0
76.4445015701614,69.75938107801724,76.8323749157361,66.20311195049645,75.6249923158263,76.09530563604034,87.79461114099703,89.5687808967842,93.82314907919621,-34.3201652405754,0
87.87977566160178,80.41941949948061,79.31807564282607,84.40006153711929,59.995316256863426,92.04846865184501,82.9718243460117,93.70166356288804,78.4218145268918,-34.811837332589285,0
84.21038103817419,83.65824956733218,86.50733213262124,47.84972591351641,43.11285412551487,38.1231118915316,84.89447800998218,109.03594570829455,84.75023404506202,-34.744989304315474,0
74.87407821692891,79.25453967680042,71.00207309277141,63.817967760802794,78.58639600538862,88.00898396981248,54.4555668865641,63.200233122122036,71.23227905416313,-34.37102787078373,0
59.17266445318827,83.94096052204313,80.07664006637201,23.016346718360726,6.781514095286535,7.704348022319432,79.93061440141337,93.37744305195326,91.08906009926034,-35.27684958584337,0
98.46590631023786,87.71751037631806,105.66198349578085,70.40496849792976,69.42019112222242,50.78806406323441,88.7745312617912,90.81849000952488,106.83516126375353,-34.35552687872024,0
145.69800879953678,148.81664010497678,137.64896380200113,81.45003670465245,83.97457160704818,108.11750715743169,136.52078537269617,141.76704370808164,142.0672669343554,-34.36829810049019,0
75.05197888864758,66.01189291760247,51.362427310504636,70.98716153342076,90.69693311687686,89.27459854199861,77.37295858313993,84.11679243071524,78.6435575178548,-34.927125961061506,0
93.31964456939951,78.6105486259987,76.22685824641678,81.54356345315281,104.23415417940477,109.8381238288182,62.081839804534575,83.30134134746609,92.33529522366426,-33.70905496987952,0
77.72866704121456,76.02065754393672,102.63740397525926,53.79801354718249,42.69972142174523,47.623824700658936,52.959942359248274,70.77949591161556,89.82591242053604,-35.405024662837164,0
80.98519856667201,82.3131772353983,97.60233043300539,52.91158363102592,31.446614313148988,21.29867752387484,122.35382145588467,78.47053127872418,85.6967497776385,-32.91388209086345,2
89.50235773833147,79.39502873374622,66.26325398891028,66.65074550877317,57.44953384378019,77.23519247547753,124.09136069008724,105.96953942279254,105.51185844075118,-32.736176425970875,31
69.67616274921583,88.46219128551465,97.0558241061164,29.526044040072247,55.56287267713911,63.67898758852198,39.089780185921,57.2991271662749,67.85970015162549,-34.371008069541375,80
189.7132369641603,199.51112243417265,187.08044635683945,178.90888092817502,82.87967693030433,107.41085157412195,180.38638880192786,198.0947104427275,180.37358551329388,-34.74444653614458,109
211.98282973219153,209.5451634778876,185.37016172645912,364.7678482882346,440.549080831275,428.55620597778693,287.60970407243116,273.7857608470054,233.62385293429764,-34.96620327818628,111
206.02609160724288,215.39475819311693,222.84470959131022,287.11030081624807,158.13296201791755,203.47709746131343,196.00628578977228,205.8697057568404,191.5842137879079,-34.82540070064484,109
92.6710573633782,101.69440575315221,96.86793802179396,80.83094236714297,65.36178702355996,40.08709258436618,102.8439675148777,87.08254320074712,93.31105698145488,-34.716502729668676,80
132.81247923000808,99.99939856660743,116.37670712791741,109.63899125528664,76.14934101053362,97.99231358218161,129.0057675943438,111.75915179805718,118.2253783441991,-34.77744450644841,31
109.79946543877362,90.90846474586422,89.41516239115306,61.48260273437242,61.62858162589433,62.154854008722154,112.57523755817117,64.93306988182059,68.28423677338375,-35.59887893800813,2
69.57745388374435,75.77440849454626,60.11896013748386,42.20072171297754,23.80780494942453,31.258268806992444,71.21096673522774,79.55832715033054,82.07975471780661,-34.85965345758032,0
85.29718031584946,69.82321865944591,73.12820621092276,54.72566379442332,43.81994757744204,42.060910994726825,119.1629342711044,80.6845180589592,85.48385472544437,-34.75806826636905,0
109.43934057382579,92.61027982923193,95.04855997817911,36.38043710149883,41.79207121435848,35.366315727537824,65.83761254399005,87.3583852898509,86.99410374059264,-35.14693539784137,0
100.230560402372,102.81159061925626,104.98881657728963,45.33759028999563,89.51133392030547,102.95988495863162,95.02147773579239,89.88302771930576,101.66650259043095,-34.68185125612745,0
130.543626139208,112.36820445772024,112.88388200982516,76.79372397766998,39.73442903721937,22.99438653288559,103.9559360255339,108.9475253059337,115.59927163802655,-34.5517813441265,0
44.12521846743557,41.29257400647581,73.65071319706658,59.273937893210004,34.777375113610994,99.77250475660763,47.1979423575838,54.722987975339464,84.10792010922319,-37.75796545557229,0
104.87458116816363,107.95206199391679,123.80299402883409,28.284985046154237,33.32111239958525,35.8756721540932,105.06606248143277,109.99115014386703,99.49253936426746,-40.91512534513052,0
89.45816771291229,79.93170154736922,79.10881872893736,14.183429475382907,42.13427883350711,40.085724239910704,78.85913402239511,90.49434913281529,75.49619840188016,-40.88822622147818,0
74.39147889455579,82.38213015534814,74.96632763987235,56.54771003086692,16.323056654366955,4.851129388204531,83.62179906691337,70.40221412764855,74.94378998258931,-38.84924463478916,0
117.61387938147145,85.36870530844884,69.88022020961317,118.1400710334471,102.03339230842512,102.69575644827304,43.19669552471885,49.62738685925989,103.76238508382542,-39.81429811507937,0
39.96216820463635,40.138706504910765,47.487406403656934,15.510502280139512,10.258511238511389,29.7082413228094,50.6033748709167,66.06513804526607,62.109412045709554,-40.5491774644309,0
54.59518571725169,50.253036287984834,66.19404946949943,61.62679142945767,61.618944775922095,83.04162794552833,81.34898830164221,65.61090831129037,77.98916683238761,-38.65894990808823,8
55.9007788120449,44.768487164100335,73.00854319746267,45.31659293291972,70.37029778548212,72.87771923769193,71.23687956598604,66.90752206932109,71.79289352093915,-39.36827770586785,46
126.01250228033693,118.48303052705593,123.74170415207897,126.03667156018102,81.2196445250818,65.47155060728451,144.81063084737553,116.63238406665295,117.54649989192393,-38.706709698932926,97
175.15279206747616,191.94675820773756,209.28213628572882,195.38008203720685,192.20182085080188,257.34984137637485,143.43078992354808,178.5911830447038,179.28615166186398,-38.625565786210316,136
202.69196974087185,233.02748328121132,236.50432507327804,320.5026462425151,224.11193577576228,235.57300186465864,268.3758322718955,274.8617059968956,261.219197602708,-38.59088698544177,144
193.049077750747,230.29612380661308,244.48871362829806,186.0265006697362,266.59096561813396,304.7406949613524,179.98578023571756,202.57833878882482,207.9120810410658,-38.17661137661371,136
141.40532917988978,147.87953812627984,162.5959035248412,130.48406905358172,91.93417473753323,39.98270076538715,134.77128268863424,153.39891799496965,155.4972691995979,-38.388369443056945,97
113.50503364700243,89.00542438721767,109.57835710227391,123.90298896033664,108.45543141932048,113.73889203586984,113.22590238280408,93.93313071230193,98.87737725068338,-38.48896329365079,46
91.5144421567233,90.25250186388551,93.17028432823516,58.3254483564751,68.53506199483651,55.943297101583006,70.81142864941651,97.12955581235744,99.17641799594598,-39.132254464285715,8
94.56458017926765,86.43208479463523,93.04683558027193,13.511191522354885,6.222079970630116,32.300808525264316,115.24537815307536,110.71171072765766,113.98090592660704,-39.303699171686745,0
49.56794587302623,93.55959964438178,106.63970985873483,51.31721581343157,96.56347783659893,108.3840213245557,77.89299276961796,79.75950063517428,89.82255547702474,-38.46604261941057,0
132.1196822538178,120.9435504201376,110.43400339027781,84.52559385010731,52.220167793637984,61.18857430260996,101.13991460504714,88.31635487566517,88.18395663644742,-38.47007145957341,0
93.68202836302012,55.72646727375785,56.82617042099956,39.76053592020899,27.12927120079005,51.6424517258968,70.87394393489544,60.82247019957519,70.35494806803774,-38.747636098710316,0
98.74515868129953,77.8456335133764,77.47522241748456,75.57769132905698,54.47536310083089,71.11667152236265,77.08957065002545,81.5864858433302,90.76816579894219,-38.84660309436274,0
92.09826372293504,85.77658606756975,98.09866858078973,48.91749522322663,69.39652534890597,29.749827468487997,79.87951214740907,62.87933044301819,73.24905930848053,-37.845687562250994,0
160.7118137900575,121.68605723326979,131.19426083756935,97.99184895438167,91.06205650308067,93.82957620904578,128.85950836766244,94.1397646996405,95.19471489822824,-37.955533069779115,0
142.4814290403973,125.16981723308757,129.59886832264354,77.31439253145358,56.30201181042525,87.1575189030565,140.0454125636134,132.92065922146406,80.53414312854626,-37.591911764705884,0
101.46992700981241,83.42054799792679,96.25758414555338,53.32124428538862,27.34911905850389,5.823560437992834,76.561740207149,80.47500557899144,207.33945626092506,-38.39037791792169,0
61.54510052149411,78.27879784231551,85.75557978985373,27.35525060593367,37.051121700894356,47.30060614351289,47.39538628088259,79.70174387820687,85.89293128435428,-38.07528056795635,0
62.886753056333426,49.93126136541089,49.415783989469496,28.20887606169809,41.749810133116284,34.47894383890302,83.1009194540525,58.05133234687276,67.17306043351707,-38.082546657986114,0
95.18644202417507,102.80865713091616,119.5407882878969,12.822006715927373,27.06970014719522,32.767385162340474,83.7154014036462,112.59213146681762,93.83876736454394,-38.63451854292169,17
93.42501845419075,81.87727343476602,73.81811865784658,41.66744665496432,63.46242218655357,73.96715319630245,88.25669286014806,72.86017809965516,78.6324898317117,-38.08152532003012,63
122.1055193271019,119.97516762807207,128.22317452386875,90.09735630248665,89.16036792313817,89.84534507403008,62.68135244676967,95.46466376530691,106.65832533861766,-38.21901615731463,114
195.71136304719076,189.50331945681972,208.44967468436204,297.16434641800373,282.1239293922204,316.14985688159607,197.76599880892036,193.31583086741088,203.15304082446718,-38.48121279761905,160
215.33665754728895,232.93855751689205,222.9338523031184,361.3173335672267,240.91645501141102,253.69337560827708,282.5681299347343,277.0673008987075,261.6814451382846,-38.954156469628515,177
205.15700883454406,222.6644667568456,231.0011209259741,323.9198335201375,157.38542066631092,132.69989647368732,261.7356901533053,271.4136306979716,256.456369171064,-37.99426220507028,160
165.8660162864272,125.69994268889874,138.5008399618872,175.68960203484173,174.4661634611247,148.33118649651902,153.39074972267784,145.70336282752658,153.38587741473927,-38.45863763164493,114
112.12358065205252,123.31748163876124,110.56937641943789,84.2381030776817,62.81344379546839,45.91301286888244,93.29446649541731,73.32826524989802,77.1457892361634,-38.26977833207831,63
116.88458490140057,103.82859722192701,99.61459636042696,87.71941432857008,111.16745857339023,115.78335677070035,109.278865702864,90.31634728692858,87.26374690207211,-38.0298645515752,17
61.531217085911926,58.47085015402833,75.3530762352885,26.38908592885028,61.906864015825555,68.55439870703414,66.84220692898954,80.59631262823001,72.64362464214466,-38.58402359437751,0
75.2332915809343,93.85544131812617,109.1399752910646,41.575611423040904,60.95286228898775,65.1991088995482,58.27187713786024,75.41798422292882,87.05612397895665,-38.16683900122549,0
59.37309535463044,74.26008515734335,97.93997832487112,45.35162920224395,49.729176763700366,47.571354079665035,34.22513511023797,72.46413660663798,85.6194468555858,-37.49543476880081,0
67.85973617961359,74.93674145599877,59.823619253957666,61.26270297442975,57.91218229741415,58.10137741297201,87.83454260253976,61.119693693985795,68.7033235129008,-38.16179633726647,0
107.0799434758713,136.56856547303437,139.21233982061707,27.78768510788738,88.59680732903072,86.9240909860383,77.94413618193455,108.08468076773379,110.76159408147757,-37.93855992759146,0
54.32839048235145,72.5453045969886,65.27219282765793,68.35012502663676,118.07620765927366,127.76832288931534,71.00264474072944,96.74886909632617,104.13507323093577,-36.302753523284316,8
91.1079719061855,110.17710090160742,97.7982961751881,16.212683399156273,73.7216772522327,73.70158234884275,44.77585245526467,78.19842128649293,73.27213246988798,-36.06451125372024,10
76.56028652366726,62.814849315748866,66.15885868555294,17.061660288779557,48.44114564691758,60.289311737367306,71.57713312647479,86.83697229059874,69.25655885019431,-36.81001209077381,10
25.643088085121327,52.59172270993497,65.55491151736382,41.074443040287406,44.95082715951315,52.251569247059265,67.80632198735412,44.97671832475347,55.06881105634462,-36.19533631859756,10
87.88513151571279,84.53797987066693,104.05274335894443,12.703558509794261,16.362781421601895,54.24088384671492,70.73615237035608,77.96714953017127,81.97822166047436,-37.007649739583336,10
92.95590534158003,75.47832154907259,104.75187768473579,38.00138250706902,58.286351778214346,44.65428441240477,86.73451614891756,57.981128762051576,78.75580329386571,-36.50532071552579,11
47.15823922225995,27.743276262275053,48.40186519970055,70.13998752282534,70.81996995512014,89.87649204152494,68.96891671644553,73.11628758232844,63.3295095097695,-36.86571878100198,37
57.20258388929587,84.36715380907499,91.13529178161721,97.53767657062053,112.40492135170234,126.02692710613702,81.20094418043898,103.10673828553277,103.81265728851952,-36.661783854166664,85
165.33934826954456,196.4906453962247,202.63647333189851,176.25244167392987,239.0293878148103,224.22848459038386,160.82419077033805,162.6686426225976,182.73038261509217,-36.62506351626016,134
198.07415476034404,229.0946081485139,239.4683419026128,258.0207387155062,182.21520409639928,238.83254509652366,224.1614609644291,257.73988580258646,253.37610196177997,-36.34067520080321,182
181.5896518288354,203.14349921082268,195.61621498152928,230.2570130655325,364.17480900908373,287.70408364818854,182.35642480725386,220.24219171598367,223.19933302524058,-35.943430154260525,206
194.29293897199744,237.58972197708314,242.2269147149347,225.2132632303711,443.38804181611795,341.47870822247904,200.27753373572315,252.86282730662833,275.8540107055553,-37.07347196691177,182
196.7016343342766,229.07463531732427,246.6793037793539,220.66058708865327,188.06270606311472,197.51740906495127,174.61393740237605,204.3320553599227,203.69967806584435,-36.88509502108135,134
83.55666368248382,90.86466779197995,86.73842866359395,39.50510246712018,14.230096726317969,7.872420911000948,93.59212066277473,78.17159692457366,82.46364645278501,-36.97848032756024,85
119.70621387684527,117.95872768976695,113.55531451319743,88.50034349751063,78.67233511829112,75.55704614461703,90.89181763911267,94.52913240151972,98.0425281553711,-37.04010494171627,37
79.3180361668404,90.65976937771123,102.07458517990487,24.76033002038545,79.51518759239987,123.20085747331122,67.19008513399083,92.96443909819114,97.96234550185346,-36.40989273313492,11
78.26296285718074,99.09032228578687,79.29385742857457,14.565227140186453,39.091714555071825,47.05779781566499,39.95989746850014,71.74063538363636,67.75844715928842,-36.14339593596059,10
101.21202105394276,108.8150077162895,93.90505669192667,61.043669021319594,88.09711437035998,79.88780987658554,69.80490707668139,56.45272128350574,55.65882943358483,-36.501455117031874,10
55.10572824928021,52.86671815493102,53.56353301739383,7.527855663353968,26.517506842630993,41.92881407196843,68.11273129985061,86.31550108176825,72.70578767359078,-36.70933734939759,10
81.38525358545122,94.1780382883907,127.09043877519814,69.7216285119169,100.50549177636746,87.07957338663849,89.9478029792171,88.95194494587206,95.60695429851097,-35.96084836929563,10
54.52002507659976,71.91442383005753,62.32877349815072,50.61388332228295,48.51029043559512,55.496221199165646,98.12640759389326,69.6726390145781,73.87517258769536,-36.89219769703815,44
91.89929580868234,90.38556249105855,118.23890733350326,16.288591231642194,46.3177637364266,73.48829388260336,88.16784221742401,89.76622374763757,86.40540505922587,-36.19772290426587,55
82.4811316414517,81.20129289101547,87.9774544071697,34.327629138307415,61.218248865417586,59.06102692389786,91.40652369180235,99.9560458280359,104.63951368130809,-36.51865712412587,61
107.81645117459792,94.08814711151582,104.80079366185117,63.355537414555904,60.372103219639556,54.85644341407404,125.81515986417251,104.8662662776837,101.03948532285584,-36.93692646329365,61
67.36560001278265,91.4562353515991,89.74765240928672,70.85165536976442,94.88667613190009,103.18755974123408,77.63277864529599,83.55050098309816,88.29668302566344,-36.163330078125,61
84.74891672804581,98.16975158165796,90.77598210879783,56.01464269430653,103.59068763546325,98.0175343261663,113.76740050447923,99.46572636453001,100.9172809063234,-36.884353821536145,62
57.952792519200784,51.97304899217212,58.92315860615145,12.040737370359716,29.172065090628063,41.60209805927565,66.89744246207724,63.06891263316515,69.26322471376776,-36.93680973895582,88
156.30232350485457,109.11891005093499,93.70785238220118,154.67344702577833,129.0970997300999,132.76483916247545,129.67070906119648,123.75566763214583,98.56913729334242,-36.52966069240196,127
186.05324118614251,200.8741539458234,189.3630711753971,182.9343391200655,130.27663276867278,103.27780346120097,177.03779879259952,196.08112441594756,188.3447499872534,-36.927552552552555,165
225.0880176785166,219.4874778458837,228.6869588383145,329.72353731649804,235.1042611313198,276.83136042901924,270.4971766924454,255.9636403801649,242.76209729639643,-36.34122522865854,204
199.3135464191565,203.33693066779423,178.36515701938285,367.200792056049,395.5585925135205,346.05772353219976,264.1957413199291,241.89880636764204,223.49333797024863,-36.25201056985294,228
207.23900239333508,209.65768350212792,211.65179133175533,394.1312126769894,419.64124274626033,419.3141581470379,274.39594665865394,250.57074839479895,231.51838920602322,-37.09746570121951,204
194.06774590021723,207.058226233618,205.48056159536137,237.23053158029342,93.20402012081158,129.35223112994782,218.07112443336078,230.03552157183205,209.4123086544831,-36.91965126129518,165
106.34838398746805,116.01164098607889,122.73151741870767,97.1563216135828,31.3064273816083,22.919661917489055,84.61595105791653,87.92592033670837,93.65540788787084,-36.59081646776575,127
130.18483488197305,126.71797893258069,132.42192370772636,107.00489946692852,75.03566112009267,94.89042395292503,152.97918125532567,113.43312078706111,118.69625426842192,-36.1117493872549,88
50.52894868833964,75.81284064018804,78.60837307606876,13.719410411229651,22.84833755236614,19.527334070694078,81.37105087574965,64.58168454201561,70.16509261563375,-36.5269672439759,62
91.93211937667856,98.88147341241863,106.88535290408669,74.72678677570035,85.31026785534942,86.31554864865714,89.2963794710012,103.92347910160731,102.77929383379488,-35.960127667682926,61
121.41987249465184,97.76387942011372,110.49396304147734,92.44505288603199,113.29555766618495,129.0687384531955,102.14278490957705,95.51064094356005,110.23716674318528,-36.48722571499014,61
145.19964210146134,86.49093601168678,91.74322528070779,75.71397980065646,70.4672395541216,49.57049546834927,82.92657366056345,84.65177696136067,88.12784605897592,-36.59542023189484,61
143.379973688911,122.54607733984228,117.52335273636055,103.64414569724836,100.29327629882776,127.5521486463602,79.09924952290386,96.96990960478603,99.48880256370481,-36.123124379960316,55
124.90338095909759,74.84764993965055,89.01961490762534,171.81991733177958,209.13881724863424,208.49870236103814,126.16995174427223,123.74941111237176,116.58207287752624,-34.33117234563253,65
120.57860222315188,106.50513696600817,125.9033152047576,90.69496881972906,70.16323658597305,120.68905689792788,102.91328592266201,87.27310897662743,101.18265753684605,-33.737424820188494,87
128.97051258404304,129.5647098871201,124.54867282036201,133.9578930720259,188.56727955486008,196.02342411785122,99.21722384268571,113.44130947814381,108.34689378038676,-33.20362122078252,102
171.3709884919395,151.241392161651,149.36433661962616,163.64899273407312,179.17541911075097,204.53973195331568,136.90230731213168,132.08943546739377,124.52295530793148,-32.15014449949187,111
137.26930891298773,136.1235731937027,125.79339785155665,130.8456483918073,149.12081182563304,141.82311492051673,121.6973319672422,118.09033588320366,94.02959272801712,-32.778511795343135,112
115.9065471521095,110.64266108627709,127.4338838344613,118.42232654679938,115.65155030434038,135.98646880019012,110.809588054522,119.64882247832662,120.48709145216291,-32.89231143323293,113
78.7939852246071,82.3773342203764,114.78277810613352,55.93662476232196,89.21932291842934,61.71330416376552,72.82806272182468,69.05814562212032,86.15244461501558,-32.918294270833336,137
153.01694479551725,145.82710093332258,147.28119993621902,145.16407843454726,88.65673544954188,124.40677782333051,126.2103972442722,110.17451483899279,112.2229374819538,-33.452168047188756,165
189.04195054331643,176.7639626410824,173.58646273183385,213.041151056523,146.3998942102151,111.15205430805746,179.23919187405542,175.39220630151578,160.50970176213457,-32.965357523845384,194
217.58382941996496,218.77921004313137,198.42869043147562,311.8775236289416,155.78875490402936,108.05940532217832,267.93538709166353,260.5155990052588,237.91722610681228,-33.273848276289684,222
231.8548879082652,249.900633818149,219.05633233199066,356.3609779467896,402.0316912794145,350.63048500773544,274.3276997309707,301.20548265171755,265.44249466946377,-32.36849345858135,243
210.2012726494214,237.9111181003598,244.33246505025372,400.04759603626513,478.530715586394,444.42530618714295,280.71773884102316,275.35076268073703,263.951861235257,-32.77636331225198,222
207.35804925095096,229.45949185287273,225.63142363767872,233.9627623977516,116.64654829844923,150.03504134154178,179.68743330765486,200.2549099432214,189.03167806219795,-33.261253720238095,193
209.01249354445017,167.92430770591116,165.21795351486895,236.10770071062262,240.06150605841154,241.12134835949263,176.06761488236336,156.64512447899395,146.57950337148785,-32.90407724648595,165
161.63078560283188,148.26538230130288,150.16784337627186,130.23524905475895,107.76147548803291,67.15064621277479,149.15245923480376,116.22924348350024,113.55252168902393,-33.07911706349206,136
172.57490358511447,155.9000253073149,126.64848794212323,184.03437565711133,173.01782366209915,152.84988112350544,133.68338558183956,125.33930147808692,119.19251928269645,-33.09576195406626,113
161.18657127579482,150.53312331197682,139.3369618869001,191.55401984267405,129.50928194595127,140.95441263880667,121.2499939463544,130.98307520269924,123.91792469436938,-32.6408171749498,112
138.01507060116396,144.78079500577397,138.61563141266535,125.48177240497941,187.92502379325433,208.38353277525823,117.80854211278668,123.49512045163966,107.74866919187808,-32.69546750992063,111
106.21668623474613,105.290270759772,118.25531349699898,119.36695214715361,142.7673715834902,170.32107874535063,73.86538486352215,86.60103170821971,91.73115534895553,-32.97157893105159,102
111.94256474031467,129.89714402173897,121.83602198730671,110.62009387696611,122.61544234807951,96.70577982830906,87.33816078941474,112.66708716555901,102.76971582647812,-32.89649600074405,87
189.16287450478333,148.96647189152182,163.5750230890954,260.57320759871124,277.1848908351247,215.73495360832993,222.68897346093618,182.36236061321912,168.76361645012128,-33.47275822038153,72
232.71418162156587,211.05803121680776,200.56716133197557,340.27415488659074,278.4504105390729,261.14988650478483,246.36176631960558,211.4484039954856,194.40953242149232,-33.34333427459839,104
233.8403647656385,209.27864232408098,207.48936838826097,327.11470149315875,377.95594622278765,414.5039585433793,210.64776071579126,205.67874530418018,193.38937147189958,-33.49226409313726,130
230.71741076496383,205.9859546979354,201.0777693387069,297.39185001073207,260.1411249915869,219.55268569139713,213.46996311412377,203.00490744417178,194.51131670849674,-33.7340339781746,148
220.73932300477443,188.72557175871722,198.1628521176131,283.3957027827213,229.55806311012896,189.83394935044882,213.72617144634043,208.0618661661198,201.11402763111315,-33.395918588789684,159
205.94863693726813,192.45723202464364,210.63258594533877,248.1211643710882,181.36298242458008,126.9941256823787,200.18254289194593,194.82287946983308,197.1627220611808,-33.36092320884146,164
207.2804014505868,196.30645214039345,191.11398012955894,259.1274776240524,183.52651009329978,152.08321580271516,233.2794082095296,227.21035746780763,217.3255736938919,-33.78538101438492,182
200.3834631736768,153.32186932371235,156.85381449028168,289.10518558058146,279.30303108997407,241.77319807084461,226.44377485582038,165.2759777915023,170.7120247864317,-33.48403379141566,200
202.99675604469945,206.40324459935462,207.11228776508756,308.7781037786817,351.416265614386,353.0358969062009,254.9738881431343,248.62982870548095,234.96028024616857,-33.472637101715684,218
215.8675911008036,162.3000401089915,165.70062611330724,254.03320530449852,226.27161530879292,236.02554557806604,202.22858980443468,178.86834230418694,178.16184577058638,-32.72307865203373,237
220.35552972002017,188.01052574623887,184.16981929968213,288.81942316437835,298.36362772972143,269.4468159632478,262.0178858721425,221.79423816336686,169.68948502259948,-33.32179096115538,252
199.82478059294561,161.1850592047568,171.4198322596029,294.95070745825006,260.6268553022364,270.3296680462969,225.13445505156156,198.9681115251199,172.24412036505123,-33.13154963604418,237
244.72432035629745,221.98512528974783,208.97243758619837,347.61537085157516,303.29057254334305,302.78683319114907,285.94704531957126,207.3897931828452,188.83623074238503,-33.25460043298193,218
230.8488167300649,176.63939032741703,161.75930046220924,373.34722739803476,350.63598703515544,343.56394644300514,277.33675562940346,193.93420600032925,176.9907573625828,-33.04956829737103,200
226.84067423777893,179.68735527025427,158.27628565254443,318.9418508983524,302.45851889936284,275.6069991868794,200.2363926843103,176.95759422240843,157.63460962694103,-33.301738664215684,182
206.7957509448429,179.97708253967582,160.43687702490848,346.24096449721213,358.4716090317887,354.0398008313784,246.9229534286335,197.23802219516253,183.97690760257643,-33.255228182164636,164
238.0414598714767,142.79284989494064,128.15889076712583,363.18869761223806,326.6198920221605,321.64345858752944,266.92438267216926,177.29163396372348,162.49064110417976,-33.01759750124008,159
212.14468649588466,173.94924127611156,177.00550716788945,267.1917658507615,249.60113585135224,196.56654955843302,201.7114376838429,147.87857291327006,151.49620031456007,-33.40459063770325,148
217.08717967529708,188.8582095866521,161.74703903372756,299.3144977370941,307.13799246305626,285.0166131319037,221.98090052722955,203.05955960260104,174.63666775258264,-33.69921094530469,130
218.81064262675625,201.3954314315228,171.22493204952897,367.8075620887119,366.70633242736346,336.0185096120131,260.070399349475,232.68936742459164,210.6654463866841,-33.7916428480691,104
87.79656107970727,92.05205217067035,88.73217922983477,33.28474133949351,43.687030903822816,43.01107032318722,66.97590587544653,68.522458237437,80.70403425653399,-32.33555385044643,72
154.6721665984729,191.5031738071069,192.9331259743775,140.4940370093347,91.41682695865362,84.99058533349006,141.41307382460823,177.95416157671175,169.50909941821445,-32.04103500124008,108
184.66427504063975,187.38538423688172,192.37750375904264,244.12911971409557,200.50029302912125,175.37002152877372,174.71798132086167,202.3585516913277,190.72201275269555,-33.26440527735944,144
174.35272872962926,208.33118518904624,191.2071225988783,221.5319407085375,111.67544153831285,104.18092024611565,182.84015498548519,235.9665684220787,206.88208121118944,-33.340696304563494,172
197.71865045834952,218.1600549472195,216.90457288134687,281.60011092543175,345.91954300232777,396.7765360178645,222.75164602186774,270.4060313348102,256.8800873761514,-32.49129329819277,193
165.17295144105228,204.8002900866607,194.99586247183706,165.30126513996427,64.4638939002108,63.42534846343978,207.27154994016072,150.18466995079933,224.38451965139888,-33.11254107762897,209
186.78585717011876,209.65946087927867,180.4830967207688,256.70166346821003,254.748063943547,230.08310272750074,178.8618820557512,217.15463062216014,201.12273301711846,-33.28741164434524,223
194.57642693604305,221.32594890655002,203.51969279028958,291.4633401353831,281.77679820841354,282.25302409677647,234.53357653409756,214.02332415881327,188.19289129970298,-33.074681538654616,232
199.1659738271168,217.3807190070674,223.4692983333117,238.7801898312788,84.44412028573444,78.64415199270226,176.0777653874241,198.90209812872135,187.57183424959092,-33.23998544730392,240
201.77419273969045,215.48029960015057,223.4395862146495,206.32380047635502,89.11215423804725,59.09233516472634,248.3360152693647,233.30268892270394,214.35412212794296,-33.656529017857146,248
212.04714792561265,236.79685179430132,205.28670116927825,272.41594472109284,322.35736586159123,322.0380016624984,205.04155178852957,260.8209136626354,239.20892876293388,-32.92403875612745,255
173.02462929470403,225.56963216537991,208.17785295824862,256.7711810609041,380.8624036246363,363.72356737466777,174.32943430053624,219.0632441545507,208.44707445330442,-32.649576005025125,248
209.72600844031075,212.9940653764631,205.7609073345708,289.5958325679993,216.69987007485508,194.81098249215225,229.1250989822994,223.5527688944129,210.55018830397768,-33.238912681977915,240
206.5257987672227,213.39163344079918,229.0889854272826,289.09141616954054,305.44565670975265,266.22249082274993,213.0472168472299,233.4531520621524,219.62596430774497,-33.88274662078373,232
154.00971073839375,190.65505392962726,180.2545251555773,189.58945705321298,334.9320977275317,287.8876486117587,178.33620865537787,97.53312884184284,95.36595306460366,-33.29855298239087,223
164.67346760997808,158.98560806274335,167.9165728131503,184.77731663201428,250.20514664434035,246.22293587235575,153.10502949471513,165.67273937260128,165.25611656437147,-33.084366672722865,209
165.52167034978595,172.31645782962906,170.66092699517841,177.44665302591312,107.38150784666405,76.6408517262054,164.30886017105635,170.36777753497253,168.34447777426678,-33.486986917162696,193
210.43918018731208,214.4759662909558,207.36237554521728,253.7052582981092,285.841975474199,282.1060754108007,187.84351111758886,206.3057986757241,190.51449699826384,-33.9095640373996,172
165.97259060191038,174.54543498193863,154.3994735810183,181.8690828173132,197.87898174937553,210.59254231886925,145.90021245896818,166.37618058021496,129.517658690652,-34.084090267319276,143
123.87512478601595,139.13998424425648,131.90603762695923,69.8315294058805,19.47426846404519,15.286304293366317,121.26619491940215,120.96270953684834,128.67851153319356,-34.39088851686508,108
105.30479172519388,71.15413482475569,80.34147922170582,102.13974554017102,106.26651004915077,98.13804658267964,80.03445794836229,77.82042789266218,88.51653594117185,-33.37799556671627,63
52.02386589592015,64.6430494371078,87.68835157556228,47.89423884726031,57.83165105964461,38.121181484333945,91.60200852355244,70.06637613140717,89.13456025811224,-34.26695061495984,98
138.7462278398183,157.72424052792252,161.71473471969753,92.73635512558332,161.47181001518456,165.6465480990751,87.5310093346433,117.59291147912901,124.03634890383778,-34.12398080977182,135
130.86833497666868,152.53309147314937,161.7592387897287,90.02146911339085,54.31475411881821,49.10673197109222,135.07506160806105,142.63757369851982,132.72536510006236,-34.189375620039684,171
216.39648560849554,224.1653387354861,208.39216899154954,294.43672338928343,408.9487604376919,381.12806313541824,226.70275136600276,198.40814436160537,184.92611218357683,-34.606460453003876,203
207.22069927917337,201.0225785396705,193.50684302786522,242.29368467223702,320.49643697141033,331.2883883919449,228.18071786779905,197.19091187128518,186.32481958736017,-34.02149808801404,227
231.8494350897973,248.74075062729662,221.9383738434095,287.65343414433136,113.83773006452206,137.74495459110082,236.35393548221856,233.9354460384928,213.3901499822456,-33.63037109375,243
200.16933855308955,201.45215072637367,161.40621142905408,226.19256245649308,124.32056805031749,116.53848262372694,188.588777806345,166.79896238598272,150.84370814285165,-33.5814460875496,252
196.59406251116312,207.96198428024474,199.8865943156662,235.70165545704842,89.28311110869716,120.12779515240659,222.41574447138257,188.72527401851764,180.14008170978673,-34.390797334558826,255
184.1294244060502,183.99348638656934,164.72567147826499,234.80770547002595,296.12461181498014,292.66347913762115,180.65422437053655,197.65726825222862,183.04632166496245,-33.99416000124008,255
235.9493843253409,228.91568455036764,203.28669866301954,354.2279066412904,413.0703970702553,406.8582420408594,253.3697461332378,223.90535332983902,202.83983134024263,-34.37823559864458,255
198.38468168317937,181.4258670811808,174.9928405106693,244.75086968771734,304.78295893374207,310.1466139545166,159.7062454018513,166.07019859710533,162.58485725468364,-33.854656908885545,255
203.66377520204188,212.74749635898021,188.31260220373193,220.40894862349012,345.22884349583876,334.7168767052268,168.38930203052306,192.97820486446457,173.00809042050736,-34.040458709839356,255
205.94254016591333,216.80491845247658,190.41019440306897,264.16425166166914,285.0354919667193,251.36903169476474,209.2845311709081,184.73690341884472,169.11795968440134,-34.127371651785715,252
186.8297337374418,182.0290441298257,163.31490800542662,243.17293321526012,214.52010284850016,197.36302285074953,165.50164888689991,172.19983059299298,157.10604818876251,-34.041631789434526,243
170.22814053365315,202.87952451224734,205.55879513100672,237.89735042629417,148.4275368532952,169.99553266937417,196.2675473658382,190.39674543053258,179.69145294503681,-34.3362247242647,227
140.71822603981084,175.8064223015074,164.2465261429814,125.8500465059652,281.94332194274256,319.28526588561505,163.8720991776574,187.66066774290567,159.82641846241643,-34.30805509052579,203
171.51308937628642,213.26934442202537,192.15990546636448,168.51550979137306,300.8798927590879,305.3551670701288,104.6830142588193,156.0423232009508,150.3884998679351,-33.89198452818628,171
108.1844678262427,137.60172869200193,131.7656224744297,121.52558594241042,95.940201915022,125.36902879586538,113.47977200432015,109.96978584647839,115.04992138105457,-33.810085720486114,135
131.48922873777994,124.44355748356074,125.43557980838541,50.56162646168109,90.0194700727165,79.97140346894011,113.75133217223127,101.87158266826992,103.41876607924057,-34.35213603670635,98
85.8239897957012,96.52866366566137,75.06996333708342,31.237602138964792,85.55429551443167,72.06014611088055,92.28208561407523,80.32771296879142,71.59986403506377,-34.48941099877451,28
91.75786844199379,102.66076990281992,97.12136762589566,95.65793160070528,123.42972727046228,100.85292719607361,88.86401712544212,102.97493352609821,85.21876028916486,-33.92166436887255,52
110.40292887781742,119.2992222028833,113.05871992337785,87.38071069631023,117.27725304643877,135.60084350893504,83.1240249385165,105.40659737831571,107.09985903665829,-33.89926895080321,84
87.06146411103809,105.93968557805877,107.42622093012952,65.02215740889298,108.68548540406174,142.67186169265617,72.7097092777291,87.36109344186404,89.91155441069107,-34.14488030245984,122
157.36366455998825,178.7147147690762,172.32628390261064,119.73693339872459,46.78863033622064,69.38620591668247,152.26277763407683,172.1451615050434,169.5660249069409,-34.71495613219246,164
218.18523066917035,229.28523457033307,224.49903041231863,284.83280550892283,300.41564979952597,317.29372917931704,195.751834086854,253.23518592029527,234.61384376922143,-33.79652235243056,198
223.2759930968153,238.55978527927044,220.91635804885058,343.95228253280874,410.0808853738151,413.6390966487435,269.97691942746775,287.8138569310044,245.35525446092782,-34.55864473519076,225
239.37205380615654,240.96964392478083,228.09744614560532,327.0971311813158,186.6988763320228,150.51651121450683,248.56373711388562,224.6980018631917,197.76330036394822,-34.621373322564615,244
185.7496848374655,201.36762513940513,192.33169592593768,303.0864471261334,145.0684399635166,97.90861770760343,235.98808559223744,213.7218943275603,203.28987014278854,-34.05228872147818,255
208.5007833827223,223.0573265423978,196.4778012007626,343.5801780430343,472.08019709859525,408.81920259277786,252.66602296709078,239.7624618632322,213.57867167778812,-34.76919778963415,255
201.75885791178123,205.20621802314744,197.20780168707776,293.9901251175024,208.58712055496795,213.17081746003757,229.7702714314234,215.6119217177241,199.13416938280648,-34.42551517769003,255
218.36854068124015,242.2196117726277,222.41723255566856,292.89144666399494,466.5865855630671,411.9336520439459,215.4562647164347,241.71404260705611,203.27311644047884,-34.483147433483936,255
219.77204605777297,224.3323379010895,206.09386992089821,337.75767967620106,449.9849579896863,423.78451678086725,225.08765080113238,235.50329492095108,289.13833865583393,-34.36521499875992,255
193.237580347034,213.88283456909855,202.88480898634347,318.97953238100894,350.7207062885316,329.2850077473566,257.0759739996888,230.28117546481957,206.23923260256367,-34.75370861235119,244
149.6023304481399,173.74450450621686,182.1357984416941,189.7091803423962,198.06512555231456,230.49624194810517,154.0872017513536,182.90341752618525,174.3164025516748,-35.149302909044714,225
188.98116041755404,153.87090098352397,162.96456599623207,218.18803701031152,193.33751936563155,170.2374805971717,181.8866770749099,131.9956748243021,128.47104059967407,-34.49116055927579,198
181.49245790899585,198.28967219688016,172.06073782492496,190.33845981865883,280.16657767796477,248.57138439500906,173.61752494724416,188.58753766576805,171.20062445609824,-35.018491936495984,164
122.30585958042262,132.83392741085353,145.12854860840216,49.585714689822595,32.9259577227923,29.252455184189465,73.91896618473487,104.41988592802916,97.67904464840144,-35.251847232680724,122
93.19528427500804,109.53791118841838,126.45559790173661,120.08793515770802,101.0258590527155,65.96645838781149,84.48835908691413,102.23905607014665,114.08233495636152,-34.499395461309526,84
91.10838871640894,94.64534470367211,88.29515992334572,22.513184928275393,52.57957407751642,40.19477895078111,97.05599267390109,81.86447834817585,84.4624299184395,-35.38550400152439,52
65.09911276371533,74.70049161111596,81.87171229791082,15.609573213103454,24.223138385036368,25.43319891026999,79.88172533120986,71.19236557205079,81.98619097735208,-33.64829411582341,7
67.02115649860015,85.53218880617591,69.68956200517164,33.71117375768548,43.10636785817486,41.05314760186537,63.597627846804436,82.90442012426682,65.65922081627014,-35.39990038278113,21
91.43729413673853,95.17957925233183,117.56641095572712,86.20602647433765,70.39855361774167,109.29917336508547,102.9914611289912,89.36338198556695,107.98073162422727,-35.29122205284553,42
123.79973449209893,143.7050657610127,140.58773897889776,80.86216600856696,96.66148058086007,115.29598749540615,113.31947539114002,96.0161337858807,103.3087983993544,-34.43935993414513,78
93.61380835851597,94.53818462847089,77.9981456111157,39.924732510506786,56.755367477354284,61.00385363487168,134.78373237237332,108.69414175764231,102.52425069688451,-35.492556162148595,128
164.64824754025855,172.36858757874825,168.54327356806306,178.96521080679096,256.6971395069192,257.1867111319789,144.03450833088903,149.16634538366384,148.9431347830542,-34.226600796568626,173
193.2491699874697,168.22544307922922,157.60675461838494,213.84264162360418,134.19980254730456,123.73979882475075,164.370994298548,158.25507699455255,149.05433320685145,-35.059072457107845,210
205.64886969100235,232.7535348108043,236.34746711296785,276.74967242318485,227.53974041043136,174.1763446685156,207.63601055961547,243.97517814329444,223.5586468849702,-34.56171565900099,239
214.21111514852882,202.09660674864023,177.10840860917045,259.4053540756528,262.20331106628856,260.545372882103,216.36912143952657,152.7608691165513,146.7704938501887,-34.41696473393574,255
218.1902099576164,214.99425448210818,192.28689293748585,357.157926708265,394.9259634484481,408.19143546066084,265.2314236347163,207.35817200785667,192.1661341580019,-35.53360227554563,255
213.5153166331641,160.0896171325121,163.62935820106938,253.12712054760414,205.79247476821732,209.75833194117456,175.12926984291985,158.3605524146474,139.64734498754007,-34.93368003263052,255
185.76657183998142,186.2802047717435,168.09324674749618,220.51830786676862,296.82766928677273,293.0799777999649,211.9795141903194,171.46861443037767,167.08929755796413,-35.62176416790675,255
229.13145966054,235.6985250732387,227.3007959392074,306.6478522267196,285.93435919420654,247.18340415667194,231.4039613826124,230.17263191679905,204.79235351919732,-34.91840665302579,255
209.54848756046187,207.76669790168725,184.70098886967986,250.2624642267111,277.25627580968154,274.5330644613481,218.26217198417305,203.61350588800133,188.0659147748546,-35.09595020707831,239
204.0124649025415,216.97200369423618,199.5930871230937,279.9829279583203,148.74686878216252,136.15992243227467,193.54199066488684,192.57691780566415,178.6151744696996,-34.816034408734055,209
56.07002024279734,96.76768962904329,110.56246370853509,10.372643271621532,69.40897071878602,57.09587087372114,65.29678924565003,84.36330913386689,95.0709559547292,-34.53814794146825,172
140.78187904079547,117.40402308800971,118.00182848871125,44.76198345381363,56.171143460379945,91.20168475038892,120.3756157036967,109.61758602673898,109.20859720095665,-34.23610246513944,128
78.44862678545422,101.679011552643,121.4981072366614,59.33897594525111,94.76175830225861,132.7941653930315,58.121513878688,87.11370608821986,73.12298553851414,-34.123011997767854,78
51.05845681962676,84.21196484876236,108.12786257690537,42.066795449551776,27.02999921816274,38.81852146918248,69.88644375868421,91.31613999222546,83.71108053819148,-34.54202318948413,42
55.057206164490275,51.9080006918469,83.0691550344379,48.82622970375108,73.80131651002974,77.56252106359058,79.57605525890867,61.57381733855508,77.4950238530908,-34.419468470982146,21
66.01608938122989,89.79646572914243,77.99808142967231,21.243501229750425,82.6947625195556,59.773960916001734,77.69038153621393,58.515769570236706,60.61170640741601,-35.91220350150602,0
44.63755015223661,91.00438071738185,119.37422202932848,29.56112553574684,90.08819669238314,107.09738776478494,67.89012562819573,68.68225106174158,70.11060560587855,-34.48583209325397,3
101.22171790444742,126.61979194580022,131.04127203502446,45.89426297125532,70.75402409236376,80.77407353075127,92.26560276541326,117.21062818775893,99.0365271300832,-34.89273313492063,15
85.63571604508824,69.28619441121592,82.117073284348,49.074102009658354,52.39084690339097,69.37945633725113,52.68638026056017,65.78200168582481,70.66128210761848,-34.869025735294116,48
73.99321531402722,76.28729728400032,94.14413544813293,54.03131004276694,48.00266797277793,80.13293641409547,59.2132514445172,72.14428602795427,85.82018920915317,-34.84494619101405,99
58.72765414629951,60.459262138335156,74.40206583142877,40.235198460803815,46.90686513368597,58.524873010060155,80.92741186652603,57.77165354025245,75.8785886693248,-35.19354926215278,150
164.76229777446244,165.22337215021625,172.33076319021126,176.76870571337565,137.7219820988441,123.5085719746536,180.13816355117243,182.97223972691464,176.1496604592398,-33.51992652529762,197
219.0950700487254,225.60328996424843,216.95904921914126,373.0754042419506,490.5615528697665,497.2833761483497,253.9959820443873,244.118757615693,220.33691992211118,-34.64277963789682,237
250.68945525350537,260.9967972345789,250.39188538850138,408.4368027823943,243.62289317138936,268.9709016242544,312.9419384786014,295.46743822568897,279.3375627936625,-34.55882352941177,255
242.29912546589253,240.79182228102232,227.3687245561411,360.0094187605378,254.4325309919513,201.66998000775513,273.25377476489393,254.8816376450004,234.5635055605215,-34.51150561135913,255
219.17736668072172,231.97226868158535,240.15476190540568,268.57005187537214,106.06093889419674,21.370820209817026,216.92306652519235,219.61386414090714,213.06373337136574,-35.06372845362103,255
235.41365925379196,254.50003626572627,236.45329718204042,340.59905661401706,238.69291738819618,218.925760165263,297.9535038259083,295.29365111921555,392.5287665332321,-34.744504898313494,255
243.1822503326326,254.74342005052546,233.66609079392018,383.1527449214985,324.4279770789129,349.06670606664,285.57540632695316,290.95654760299095,269.22352276243066,-34.63463227911647,255
207.9144283536539,234.1761052323262,213.77727992625807,288.1075595536374,274.82211216772043,245.83435156782707,225.30577323408696,254.47230323869388,231.18566656425298,-34.488932291666664,237
201.64207543389278,217.32998865339468,198.9233275417102,241.6696290672156,343.6523440853882,332.05094320080536,200.9499118947263,227.07068402421694,204.92244828490993,-34.43902563378514,197
144.63435393550134,134.21068365582636,143.13491457444226,101.81897791171632,118.48482586802399,152.7485845828049,138.60722080525525,110.30078047044078,102.13981803128976,-35.17014418191057,150
125.22241063285084,124.68417433302811,123.3985740452657,92.69994857391923,80.93678359124657,65.24677393259802,88.37885450265958,97.33366989976936,94.05105597462298,-35.353817614206825,99
95.81686972176504,115.65658265811858,126.27592349180215,90.86633109570502,34.31957750721667,20.98432184630792,96.51225524650256,77.66495993089141,84.55791804517993,-35.073877350101625,48
100.44163378085356,92.49829250224153,105.27656809150051,90.22998733616761,49.52781753348405,69.0201447295273,89.57931740953643,100.1152963301375,79.39905175595129,-35.22751787475345,15
118.34878521645084,114.78466376334883,104.23679530443492,110.42347184326518,86.31794554249619,110.99073359312142,87.76600742271657,106.37605136400121,107.94799246473563,-35.207597036210316,3
99.38705225213882,59.43901685239581,56.34168244763644,72.49464834325194,76.54078386857076,67.19672897588752,99.68016670145603,64.78029055932005,63.84224752818667,-34.37285370879121,0
130.69852430855275,110.19306140301288,119.41860615007863,59.11500753014375,40.3403888495356,58.16973429935153,104.88659709582763,107.20909706666124,109.62962089452951,-35.693065229668676,0
31.484812005180547,50.81118656586498,59.50907056980349,45.41614140321211,42.858885680057554,70.70900779106336,59.15290139419444,61.183989957962076,67.81116650345854,-35.49291217137897,3
67.91381262357152,69.46522503901959,61.578664249527634,42.59425297948085,20.961004604075146,7.710703465133009,62.96242917574989,53.23586443115231,62.16670377507125,-35.16400049603175,36
143.19535286762593,123.49355041290059,114.73917423800779,127.855031803293,109.11358346672509,94.21581192980763,110.58440071393974,82.85553799822537,82.89918115667373,-34.87288999748996,87
170.37187770746803,196.81560305739364,183.13312993007017,157.5639478886602,234.0876722291497,234.5525460257286,129.43785644226998,156.41323943440338,147.42415152731945,-34.57786923363095,138
209.91806402339756,198.76974351009582,200.1113667933124,250.72009815373318,219.29901278382735,187.6470714044255,210.24125646606936,225.23635565398547,196.25464214430096,-34.63757373242972,189
191.7782309156281,194.4733846277491,186.9985830954284,345.2072243674729,342.14085274006294,296.6542300340082,226.8887827017651,180.51080368122234,158.6776393765393,-34.88013857886905,237
222.35846089669664,218.99906847802123,184.1503731461774,314.4093425407862,326.8752666124505,316.0660658672111,227.0866150519676,239.96204796684958,211.6544825716432,-34.57567168445122,251
210.06616779440859,219.63607620577844,231.36722168860695,363.55843630453296,322.1583384339629,334.2058286429893,276.2612922664296,241.86705949820367,232.37859318472812,-34.682808670343135,250
203.3913518583895,224.6833159518367,184.13931806661452,271.2686657880594,219.53547813938044,229.41977413392434,238.6284924164315,244.81701715268696,222.99456785568478,-34.79827396453373,250
223.1638190901488,239.50729728213062,200.0330485668311,274.53471942797336,388.2586181204196,359.73952764456595,189.3248988190476,200.06346161657305,184.20829658055501,-35.09202826932731,250
175.22961558122608,190.35327759419886,177.23642394003997,247.15303934557846,350.430763493728,345.0397224961527,148.99513355045892,167.5596686885948,158.05631100295676,-34.83023892444779,251
216.5928030992609,213.93770880578464,185.3884414066775,270.3313317651526,179.5943902160636,179.44115970548415,268.5657156716927,229.05915287621946,203.5824516866137,-34.99252077132937,237
213.9190507618833,231.1997052490239,203.18632367122507,274.37294566021825,420.06300978766734,416.38604210623953,181.4497125671212,198.31418164430048,181.84792994736478,-34.94838729919679,189
138.50745004319023,156.4641312798591,147.41738850798842,114.26076573107946,186.42899218853736,181.4266758944192,138.54495437667097,152.2088718137399,138.19394657568958,-34.665517538905625,138
99.79768271545043,143.05848126392968,140.32916961399093,70.58378954964094,68.79107156473026,77.03336187012711,70.24783095747088,97.12810218618469,103.72677242607905,-34.97120690724206,87
115.6947462810844,111.13110495007943,117.23280273305541,113.37456342105682,87.67417974663749,68.64301804820434,101.84364959223892,106.84326377357782,108.55133758687097,-34.930778952205884,36
71.11386079407328,68.24115749620617,84.92545439767277,11.640231201501988,39.81885005221533,54.97555645050626,47.0792646070266,58.54639346218825,70.19802842491245,-34.69763524028885,2
99.2921939283019,112.66149049550357,131.43752599287305,25.74540793314341,31.50824752360607,85.0719620907051,94.07456226958756,81.10037020328673,94.58151394280706,-34.813665574596776,0
